{
  "lat1": 41.05392074584961,
  "lat2": 40.99938201904297,
  "lon1": 29.019123077392578,
  "lon2": 28.855960845947266,
  "lat3": 41.05869674682617,
  "lat4": 41.05703353881836,
  "lon3": 28.978858947753906,
  "lon4": 28.979446411132812
}