{
  "lat1": 40.984580993652344,
  "wish": "to go to instanbul",
  "lon1": 29.10218048095703
}