{
  "lat1": 41.05781173706055,
  "lat2": 41.06950378417969,
  "lon1": 28.998401641845703,
  "lon2": 28.94536590576172,
  "lat3": 41.03134536743164,
  "lat4": 41.034873962402344,
  "lon3": 28.978605270385742,
  "lon4": 28.980377197265625
}