{
  "lat1": 41.05345153808594,
  "wish": "ESKI ISTIKLAL CADDESINE OZLEM",
  "lon1": 29.024822235107422
}