{
  "lat1": 40.977561950683594,
  "wish": "DAHA AZ KALABALIK",
  "lon1": 29.0734806060791
}