{
  "lat1": 41.004024505615234,
  "wish": "ulasilabilirlik ve zaman",
  "lon1": 29.10321807861328
}