{
  "lat1": 40.79796600341797,
  "wish": "avmler kapansin",
  "lon1": 29.351816177368164
}