{
  "lat1": 41.009193420410156,
  "lat2": 41.011234283447266,
  "lon1": 28.949007034301758,
  "lon2": 28.975297927856445,
  "lat3": 41.00537872314453,
  "lat4": 41.006004333496094,
  "lon3": 29.042739868164062,
  "lon4": 29.04410743713379
}