{
  "lat1": 41.014408111572266,
  "lat2": 41.003517150878906,
  "lon1": 28.934982299804688,
  "lon2": 28.870037078857422,
  "lat3": 41.143402099609375,
  "lat4": 41.2594108581543,
  "lon3": 29.35712432861328,
  "lon4": 29.025815963745117
}