{
  "lat1": 41.000511169433594,
  "lat2": 40.99039840698242,
  "lon1": 29.052181243896484,
  "lon2": 29.008405685424805,
  "lat3": 40.98587417602539,
  "lat4": 41.08002853393555,
  "lon3": 29.023601531982422,
  "lon4": 29.024410247802734
}