{
  "lat1": 40.99571228027344,
  "lat2": 41.07933807373047,
  "lon1": 28.8947811126709,
  "lon2": 29.042613983154297,
  "lat3": 40.9387321472168,
  "lat4": 40.93547058105469,
  "lon3": 29.197343826293945,
  "lon4": 29.24592399597168
}