{
  "lat1": 40.95396041870117,
  "wish": "DAHA DUZENLI TRAFIK",
  "lon1": 29.1055908203125
}