{
  "lat1": 41.04915237426758,
  "lat2": 41.04786682128906,
  "lon1": 29.028331756591797,
  "lon2": 29.022872924804688,
  "lat3": 41.05820846557617,
  "lat4": 41.03607940673828,
  "lon3": 28.976926803588867,
  "lon4": 28.983497619628906
}