{
  "lat1": 41.06463623046875,
  "wish": "TRAFIK",
  "lon1": 29.030445098876953
}