{
  "lat1": 40.96992492675781,
  "lat2": 41.118282318115234,
  "lon1": 29.09098243713379,
  "lon2": 29.003034591674805,
  "lat3": 41.030494689941406,
  "lat4": 40.97057342529297,
  "lon3": 28.982463836669922,
  "lon4": 29.101247787475586
}