{
  "lat1": 41.01459884643555,
  "lat2": 41.007301330566406,
  "lon1": 29.032699584960938,
  "lon2": 28.9862003326416,
  "lat3": 41.00809860229492,
  "lat4": 41.0359992980957,
  "lon3": 28.976499557495117,
  "lon4": 28.98310089111328
}