{
  "lat1": 41.05727005004883,
  "wish": "Cami yikilsin",
  "lon1": 28.98394203186035
}