{
  "lat1": 41.05233383178711,
  "wish": "daha fazla park",
  "lon1": 29.026687622070312
}