{
  "lat1": 40.9759521484375,
  "lat2": 41.052833557128906,
  "lon1": 29.07653045654297,
  "lon2": 29.012248992919922,
  "lat3": 41.050987243652344,
  "lat4": 41.064300537109375,
  "lon3": 28.953399658203125,
  "lon4": 28.996349334716797
}