{
  "lat1": 40.98052978515625,
  "lat2": 40.9797477722168,
  "lon1": 28.862594604492188,
  "lon2": 28.860607147216797,
  "lat3": 41.0311279296875,
  "lat4": 41.02850341796875,
  "lon3": 28.982378005981445,
  "lon4": 28.975677490234375
}