{
  "lat1": 41.02724075317383,
  "lat2": 41.091583251953125,
  "lon1": 28.975378036499023,
  "lon2": 28.999427795410156,
  "lat3": 40.97762680053711,
  "lat4": 41.09189224243164,
  "lon3": 29.07416534423828,
  "lon4": 28.985368728637695
}