{
  "lat1": 41.02889633178711,
  "lat2": 41.02590560913086,
  "lon1": 29.039621353149414,
  "lon2": 28.97417449951172,
  "lat3": 41.027069091796875,
  "lat4": 41.052757263183594,
  "lon3": 28.973140716552734,
  "lon4": 29.0222110748291
}