{
  "lat1": 40.87429428100586,
  "wish": "REGULARITY",
  "lon1": 29.29084014892578
}