{
  "lat1": 41.118064880371094,
  "lat2": 41.079551696777344,
  "lon1": 29.046968460083008,
  "lon2": 29.033430099487305,
  "lat3": 41.118629455566406,
  "lat4": 41.03599548339844,
  "lon3": 29.028446197509766,
  "lon4": 28.98314666748047
}