{
  "lat1": 41.024436950683594,
  "lat2": 41.018253326416016,
  "lon1": 29.012582778930664,
  "lon2": 29.014060974121094,
  "lat3": 41.024417877197266,
  "lat4": 41.02455139160156,
  "lon3": 29.013212203979492,
  "lon4": 29.01320457458496
}