{
  "lat1": 41.000057220458984,
  "lat2": 40.97113037109375,
  "lon1": 28.889541625976562,
  "lon2": 29.148534774780273,
  "lat3": 41.03141784667969,
  "lat4": 41.03476333618164,
  "lon3": 28.973960876464844,
  "lon4": 28.98880958557129
}