{
  "lat1": 41.006202697753906,
  "wish": "Less but better icecream.",
  "lon1": 28.97693634033203
}