{
  "lat1": 40.972877502441406,
  "lat2": 41.00531768798828,
  "lon1": 29.073205947875977,
  "lon2": 28.97446632385254,
  "lat3": 40.98619079589844,
  "lat4": 40.97188949584961,
  "lon3": 29.088031768798828,
  "lon4": 29.051435470581055
}