{
  "lat1": 40.958370208740234,
  "wish": "DAHA KIBAR INSANLAR",
  "lon1": 29.095041275024414
}