{
  "lat1": 41.00623321533203,
  "wish": "grgfgdgf",
  "lon1": 28.973299026489258
}