{
  "lat1": 40.97819137573242,
  "lat2": 40.983585357666016,
  "lon1": 28.876007080078125,
  "lon2": 28.861860275268555,
  "lat3": 40.97978591918945,
  "lat4": 41.0300178527832,
  "lon3": 28.85795783996582,
  "lon4": 28.975862503051758
}