{
  "lat1": 41.01218032836914,
  "lat2": 41.01994705200195,
  "lon1": 28.96442413330078,
  "lon2": 28.94968605041504,
  "lat3": 41.02884292602539,
  "lat4": 41.02705764770508,
  "lon3": 28.974573135375977,
  "lon4": 28.978439331054688
}