{
  "lat1": 41.02703857421875,
  "lat2": 41.02522277832031,
  "lon1": 29.02265739440918,
  "lon2": 28.887907028198242,
  "lat3": 41.03279495239258,
  "lat4": 41.035980224609375,
  "lon3": 28.975542068481445,
  "lon4": 28.983131408691406
}