{
  "lat1": 41.068267822265625,
  "lat2": 41.067047119140625,
  "lon1": 28.998937606811523,
  "lon2": 28.995513916015625,
  "lat3": 41.0683479309082,
  "lat4": 41.03664016723633,
  "lon3": 28.99900245666504,
  "lon4": 28.985027313232422
}