{
  "lat1": 41.063846588134766,
  "lat2": 41.00563430786133,
  "lon1": 28.93819808959961,
  "lon2": 28.968000411987305,
  "lat3": 40.96824645996094,
  "lat4": 41.032867431640625,
  "lon3": 29.0656681060791,
  "lon4": 28.976770401000977
}