{
  "lat1": 40.99925994873047,
  "lat2": 41.0149040222168,
  "lon1": 29.02913475036621,
  "lon2": 29.04668426513672,
  "lat3": 41.00808334350586,
  "lat4": 41.00814437866211,
  "lon3": 28.976465225219727,
  "lon4": 28.978248596191406
}