{
  "lat1": 41.012569427490234,
  "lat2": 41.02054214477539,
  "lon1": 28.77015495300293,
  "lon2": 28.900043487548828,
  "lat3": 41.01128005981445,
  "lat4": 41.00360107421875,
  "lon3": 28.947595596313477,
  "lon4": 28.923616409301758
}