{
  "lat1": 40.952579498291016,
  "lat2": 40.970428466796875,
  "lon1": 29.206274032592773,
  "lon2": 29.09798812866211,
  "lat3": 40.97762680053711,
  "lat4": 40.97587585449219,
  "lon3": 29.07416534423828,
  "lon4": 29.07558250427246
}