{
  "lat1": 41.00669860839844,
  "lat2": 41.025299072265625,
  "lon1": 28.924800872802734,
  "lon2": 28.974700927734375,
  "lat3": 40.988399505615234,
  "lat4": 41.03519821166992,
  "lon3": 29.02869987487793,
  "id": 43,
  "lon4": 28.981599807739258
}