{
  "lat1": 40.984580993652344,
  "lat2": 41.009334564208984,
  "lon1": 29.10218048095703,
  "lon2": 28.932842254638672,
  "lat3": 40.99897003173828,
  "lat4": 41.008201599121094,
  "lon3": 29.039546966552734,
  "lon4": 28.963848114013672
}