{
  "lat1": 40.96498489379883,
  "lat2": 41.056678771972656,
  "lon1": 29.098861694335938,
  "lon2": 29.010007858276367,
  "lat3": 41.035072326660156,
  "lat4": 41.038230895996094,
  "lon3": 28.98130989074707,
  "lon4": 28.986223220825195
}