{
  "lat1": 41.007320404052734,
  "wish": "gggg",
  "lon1": 28.968725204467773
}