{
  "lat1": 41.020301818847656,
  "lat2": 41.007301330566406,
  "lon1": 28.9468994140625,
  "lon2": 28.9862003326416,
  "lat3": 40.988399505615234,
  "lat4": 40.984500885009766,
  "lon3": 29.02869987487793,
  "lon4": 29.02790069580078
}