{
  "lat1": 41.012569427490234,
  "lat2": 41.02054214477539,
  "lon1": 28.77015495300293,
  "lon2": 28.900043487548828,
  "lat3": 40.99828338623047,
  "lat4": 40.954933166503906,
  "lon3": 28.960878372192383,
  "lon4": 28.821392059326172
}