{
  "lat1": 40.981117248535156,
  "wish": "DAHA AZ KALABALIK",
  "lon1": 29.043935775756836
}