{
  "lat1": 41.05274200439453,
  "lat2": 41.06189727783203,
  "lon1": 29.021276473999023,
  "lon2": 28.942113876342773,
  "lat3": 41.05475616455078,
  "lat4": 41.05685043334961,
  "lon3": 29.02054786682129,
  "lon4": 29.0117130279541
}