{
  "lat1": 41.022300720214844,
  "lat2": 41.00749969482422,
  "lon1": 28.96660041809082,
  "lon2": 29.052400588989258,
  "lat3": 41.0349006652832,
  "lat4": 41.0359992980957,
  "lon3": 28.9778995513916,
  "id": 34,
  "lon4": 28.98310089111328
}