{
  "lat1": 40.97580337524414,
  "lat2": 41.03471755981445,
  "lon1": 29.07142448425293,
  "lon2": 28.989778518676758,
  "lat3": 41.011592864990234,
  "lat4": 41.00978088378906,
  "lon3": 28.982851028442383,
  "lon4": 28.98069190979004
}