{
  "lat1": 41.01259994506836,
  "lat2": 41.109798431396484,
  "lon1": 28.770200729370117,
  "lon2": 29.01219940185547,
  "lat3": 40.9911003112793,
  "lat4": 40.989898681640625,
  "lon3": 29.024599075317383,
  "lon4": 29.022300720214844
}