{
  "lat1": 40.9715461730957,
  "lat2": 40.921871185302734,
  "lon1": 29.104108810424805,
  "lon2": 29.152982711791992,
  "lat3": 40.96877670288086,
  "lat4": 40.97059631347656,
  "lon3": 29.09238624572754,
  "lon4": 29.09316635131836
}