{
  "lat1": 41.02846145629883,
  "wish": "YESIL ALAN",
  "lon1": 29.028648376464844
}