{
  "lat1": 41.05233383178711,
  "lat2": 41.10982131958008,
  "lon1": 29.026687622070312,
  "lon2": 29.012163162231445,
  "lat3": 41.10185241699219,
  "lat4": 41.10855484008789,
  "lon3": 29.025543212890625,
  "lon4": 29.01680564880371
}