{
  "lat1": 40.96965026855469,
  "wish": "AZ INSAN",
  "lon1": 29.072187423706055
}