{
  "lat1": 40.95957565307617,
  "lat2": 41.01811218261719,
  "lon1": 29.093746185302734,
  "lon2": 29.076580047607422,
  "lat3": 40.95976257324219,
  "lat4": 40.963592529296875,
  "lon3": 29.09079933166504,
  "lon4": 29.088714599609375
}