{
  "lat1": 41.053611755371094,
  "wish": "cekmekoye metro gelmesi",
  "lon1": 29.24370765686035
}