{
  "lat1": 41.03300094604492,
  "lat2": 41.037498474121094,
  "lon1": 28.99020004272461,
  "lon2": 28.985599517822266,
  "lat3": 40.999000549316406,
  "lat4": 40.98780059814453,
  "lon3": 29.039499282836914,
  "lon4": 29.07670021057129
}