{
  "lat1": 41.055702209472656,
  "lat2": 41.056671142578125,
  "lon1": 28.973602294921875,
  "lon2": 28.976179122924805,
  "lat3": 40.989009857177734,
  "lat4": 40.99143981933594,
  "lon3": 29.05542755126953,
  "lon4": 29.05864906311035
}