{
  "lat1": 41.03390884399414,
  "lat2": 40.49909591674805,
  "lon1": 29.076913833618164,
  "lon2": 29.3779296875,
  "lat3": 41.08753967285156,
  "lat4": 40.86485290527344,
  "lon3": 28.918161392211914,
  "lon4": 29.333086013793945
}