{
  "lat1": 40.97376251220703,
  "wish": "DAHA HUZURLU BIR YER",
  "lon1": 29.074214935302734
}