{
  "lat1": 40.96564483642578,
  "lat2": 40.96418762207031,
  "lon1": 28.976438522338867,
  "lon2": 28.96354103088379,
  "lat3": 40.96807861328125,
  "lat4": 41.02665710449219,
  "lon3": 28.98158073425293,
  "lon4": 28.97572898864746
}