{
  "lat1": 41.02225875854492,
  "wish": "ikkdasdsdsdadsa",
  "lon1": 28.96660614013672
}