{
  "lat1": 41.06243133544922,
  "lat2": 41.00791549682617,
  "lon1": 28.97932243347168,
  "lon2": 28.998781204223633,
  "lat3": 40.97787094116211,
  "lat4": 41.03008270263672,
  "lon3": 29.073806762695312,
  "lon4": 28.9731388092041
}