{
  "lat1": 41.009403228759766,
  "wish": "DAHA FAZLA YESIL ALAN",
  "lon1": 29.054471969604492
}