{
  "lat1": 41.041194915771484,
  "wish": "Bilincli Yerel Yonetim",
  "lon1": 28.982820510864258
}