{
  "lat1": 41.058753967285156,
  "lat2": 41.058753967285156,
  "lon1": 28.96861457824707,
  "lon2": 28.968740463256836,
  "lat3": 41.02671432495117,
  "lat4": 41.028621673583984,
  "lon3": 28.980417251586914,
  "lon4": 28.973873138427734
}