{
  "lat1": 40.8305778503418,
  "lat2": 40.82734680175781,
  "lon1": 29.319169998168945,
  "lon2": 29.41507339477539,
  "lat3": 0,
  "lat4": 40.997623443603516,
  "lon3": 0,
  "lon4": 29.50288200378418
}