{
  "lat1": 41.07148742675781,
  "lat2": 41.02879333496094,
  "lon1": 28.9907169342041,
  "lon2": 28.973709106445312,
  "lat3": 41.00187683105469,
  "lat4": 41.03160858154297,
  "lon3": 29.054227828979492,
  "lon4": 28.949129104614258
}