{
  "lat1": 40.96564483642578,
  "wish": "populasyonun azalmasi",
  "lon1": 28.976438522338867
}