{
  "lat1": 41.051326751708984,
  "wish": "TEMIZLIK",
  "lon1": 28.99138641357422
}