{
  "lat1": 40.9702262878418,
  "lat2": 41.02534484863281,
  "lon1": 29.097627639770508,
  "lon2": 28.97471809387207,
  "lat3": 40.99111557006836,
  "lat4": 40.98988723754883,
  "lon3": 29.024553298950195,
  "lon4": 29.022306442260742
}