{
  "lat1": 41.06057357788086,
  "lat2": 41.049766540527344,
  "lon1": 28.960464477539062,
  "lon2": 29.05200958251953,
  "lat3": 40.8701057434082,
  "lat4": 40.90493392944336,
  "lon3": 29.79044532775879,
  "lon4": 29.80797004699707
}