{
  "lat1": 40.959373474121094,
  "wish": "Yurume mesafesinde sinema",
  "lon1": 29.08220672607422
}