{
  "lat1": 41.040950775146484,
  "wish": "GUZEL BIR  OKUL",
  "lon1": 28.862890243530273
}