{
  "lat1": 41.03968048095703,
  "wish": "yerel secimlerde chp nin kazanmssi",
  "lon1": 28.92117691040039
}