{
  "lat1": 40.990177154541016,
  "wish": "DAHA FAZLA YESIL ALAN",
  "lon1": 28.779949188232422
}