{
  "lat1": 41.08226776123047,
  "lat2": 41.08609390258789,
  "lon1": 29.0450496673584,
  "lon2": 29.04379653930664,
  "lat3": 41.043983459472656,
  "lat4": 41.05097961425781,
  "lon3": 28.997617721557617,
  "lon4": 28.990402221679688
}