{
  "lat1": 41.055091857910156,
  "lat2": 41.02988052368164,
  "lon1": 28.977886199951172,
  "lon2": 28.970932006835938,
  "lat3": 41.05330276489258,
  "lat4": 41.053497314453125,
  "lon3": 28.98845672607422,
  "lon4": 28.978147506713867
}