{
  "lat1": 41.06230163574219,
  "lat2": 41.02529525756836,
  "lon1": 28.986522674560547,
  "lon2": 29.021268844604492,
  "lat3": 41.02681350708008,
  "lat4": 41.015254974365234,
  "lon3": 28.971487045288086,
  "lon4": 28.98411750793457
}