{
  "lat1": 41.116241455078125,
  "lat2": 41.0706672668457,
  "lon1": 29.000606536865234,
  "lon2": 28.9533634185791,
  "lat3": 41.044212341308594,
  "lat4": 41.02723693847656,
  "lon3": 29.004657745361328,
  "lon4": 28.98069190979004
}