{
  "lat1": 40.988128662109375,
  "lat2": 40.978492736816406,
  "lon1": 29.180295944213867,
  "lon2": 29.126699447631836,
  "lat3": 40.98542785644531,
  "lat4": 40.9871940612793,
  "lon3": 29.08114242553711,
  "lon4": 29.075464248657227
}