{
  "lat1": 41.02651596069336,
  "wish": "DAHA AZ KISI YASASIN",
  "lon1": 29.030208587646484
}