{
  "lat1": 41.05762481689453,
  "wish": "TEMIZ HAVA",
  "lon1": 29.001073837280273
}