{
  "lat1": 41.01877212524414,
  "wish": "DAHA",
  "lon1": 28.953298568725586
}