{
  "lat1": 41.032005310058594,
  "wish": "daha huzurlu bir sehir olmasi",
  "lon1": 29.000991821289062
}