{
  "lat1": 41.020301818847656,
  "lat2": 41.0442008972168,
  "lon1": 28.9468994140625,
  "lon2": 29.113500595092773,
  "lat3": 41.101898193359375,
  "lat4": 41.00360107421875,
  "lon3": 29.02549934387207,
  "id": 36,
  "lon4": 28.923599243164062
}