{
  "lat1": 40.992496490478516,
  "wish": "OLABILDIGINCE COK METRO HATTI OLMASI",
  "lon1": 28.70098114013672
}