{
  "lat1": 41.104347229003906,
  "wish": "INSANLARIN BIRBIRLERINE GUVENMESI",
  "lon1": 29.027990341186523
}