{
  "lat1": 41.07292175292969,
  "lat2": 41.05062484741211,
  "lon1": 29.002838134765625,
  "lon2": 29.015913009643555,
  "lat3": 41.070823669433594,
  "lat4": 41.0355224609375,
  "lon3": 28.997325897216797,
  "lon4": 28.97649574279785
}