{
  "lat1": 41.09706497192383,
  "lat2": 41.05585861206055,
  "lon1": 28.95786476135254,
  "lon2": 28.978059768676758,
  "lat3": 41.053524017333984,
  "lat4": 41.050315856933594,
  "lon3": 28.952072143554688,
  "lon4": 28.952329635620117
}