{
  "lat1": 40.989112854003906,
  "wish": "DAHA HUZURLU BIR SEHIR OLABILMESI",
  "lon1": 29.027999877929688
}