{
  "lat1": 41.01387405395508,
  "lat2": 41.03303527832031,
  "lon1": 28.968416213989258,
  "lon2": 28.990219116210938,
  "lat3": 41.03111267089844,
  "lat4": 41.029911041259766,
  "lon3": 28.974138259887695,
  "lon4": 28.975364685058594
}