{
  "lat1": 40.98225021362305,
  "wish": "MORE LOVE AND MORE RESPECT TO EACHOTHER AND TO NATURE",
  "lon1": 29.07957649230957
}