{
  "lat1": 41.055091857910156,
  "wish": "ISTANBUL'UN YABANCILARDAN BOSALTILMASI",
  "lon1": 28.977886199951172
}