{
  "lat1": 40.99748229980469,
  "lat2": 41.007694244384766,
  "lon1": 29.0274600982666,
  "lon2": 28.978073120117188,
  "lat3": 41.03097152709961,
  "lat4": 40.98728561401367,
  "lon3": 28.982799530029297,
  "lon4": 29.027177810668945
}