{
  "lat1": 41.15568923950195,
  "lat2": 41.0154914855957,
  "lon1": 29.030712127685547,
  "lon2": 29.04783821105957,
  "lat3": 41.02985763549805,
  "lat4": 41.029197692871094,
  "lon3": 29.484561920166016,
  "lon4": 29.482135772705078
}