{
  "lat1": 41.021217346191406,
  "wish": "daha fazla park ve yesillik",
  "lon1": 29.088287353515625
}