{
  "lat1": 41.070701599121094,
  "lat2": 41.122398376464844,
  "lon1": 28.953399658203125,
  "lon2": 28.814300537109375,
  "lat3": 40.811100006103516,
  "lat4": 41.00360107421875,
  "lon3": 29.17259979248047,
  "id": 45,
  "lon4": 28.923599243164062
}