{
  "lat1": 41.047149658203125,
  "wish": "tarihini korumasi",
  "lon1": 28.99468421936035
}