{
  "lat1": 40.98360824584961,
  "lat2": 40.970245361328125,
  "lon1": 29.027795791625977,
  "lon2": 29.09091567993164,
  "lat3": 41.084388732910156,
  "lat4": 41.08647537231445,
  "lon3": 29.034709930419922,
  "lon4": 29.042381286621094
}