{
  "lat1": 41.05781173706055,
  "lat2": 41.06950378417969,
  "lon1": 28.998401641845703,
  "lon2": 28.94536590576172,
  "lat3": 40.993473052978516,
  "lat4": 40.995201110839844,
  "lon3": 29.030672073364258,
  "lon4": 29.029563903808594
}