{
  "lat1": 41.1385383605957,
  "wish": "DAHA TATLI OLSUN",
  "lon1": 29.036428451538086
}