{
  "lat1": 41.02949905395508,
  "lat2": 41.03010177612305,
  "lon1": 28.975099563598633,
  "lon2": 28.97760009765625,
  "lat3": 41.0172004699707,
  "lat4": 40.99620056152344,
  "lon3": 29.055700302124023,
  "lon4": 29.04400062561035
}