{
  "lat1": 41.03171157836914,
  "lat2": 41.058265686035156,
  "lon1": 28.985523223876953,
  "lon2": 28.98026466369629,
  "lat3": 41.0301399230957,
  "lat4": 41.030357360839844,
  "lon3": 28.983800888061523,
  "lon4": 28.983867645263672
}