{
  "lat1": 41.015499114990234,
  "lat2": 41.005401611328125,
  "lon1": 28.965499877929688,
  "lon2": 28.975299835205078,
  "lat3": 41.0349006652832,
  "lat4": 40.97060012817383,
  "lon3": 28.9778995513916,
  "id": 29,
  "lon4": 29.09320068359375
}