{
  "lat1": 41.02773666381836,
  "wish": "tarihi yapilarin on planda olmasi",
  "lon1": 28.97402572631836
}