{
  "lat1": 41.06951904296875,
  "lat2": 41.02980041503906,
  "lon1": 28.99217414855957,
  "lon2": 28.974945068359375,
  "lat3": 41.031463623046875,
  "lat4": 41.014705657958984,
  "lon3": 29.087007522583008,
  "lon4": 29.086225509643555
}