{
  "lat1": 41.30699920654297,
  "wish": "betonlasmasin",
  "lon1": 29.159564971923828
}