{
  "lat1": 40.94842529296875,
  "lat2": 40.97441482543945,
  "lon1": 29.08131980895996,
  "lon2": 29.073711395263672,
  "lat3": 41.027992248535156,
  "lat4": 41.03042221069336,
  "lon3": 28.97394561767578,
  "lon4": 28.975744247436523
}