{
  "lat1": 40.9715461730957,
  "wish": "daha genis metro agi",
  "lon1": 29.104108810424805
}