{
  "lat1": 41.06919860839844,
  "lat2": 41.036399841308594,
  "lon1": 29.002199172973633,
  "lon2": 28.98819923400879,
  "lat3": 41.0172004699707,
  "lat4": 41.00979995727539,
  "lon3": 29.055700302124023,
  "lon4": 28.98069953918457
}