{
  "lat1": 40.97681427001953,
  "lat2": 41.02207946777344,
  "lon1": 29.05792236328125,
  "lon2": 29.073183059692383,
  "lat3": 40.98371887207031,
  "lat4": 40.985355377197266,
  "lon3": 29.028413772583008,
  "lon4": 29.026287078857422
}