{
  "lat1": 41.060638427734375,
  "lat2": 41.18486022949219,
  "lon1": 28.985851287841797,
  "lon2": 29.03978157043457,
  "lat3": 41.17918395996094,
  "lat4": 41.208560943603516,
  "lon3": 28.72231674194336,
  "lon4": 28.765613555908203
}