{
  "lat1": 41.08979034423828,
  "lat2": 41.04335021972656,
  "lon1": 29.027666091918945,
  "lon2": 28.990564346313477,
  "lat3": 41.10504150390625,
  "lat4": 41.17982864379883,
  "lon3": 29.05650520324707,
  "lon4": 28.739974975585938
}