{
  "lat1": 41.01614761352539,
  "lat2": 41.056766510009766,
  "lon1": 29.077455520629883,
  "lon2": 29.023433685302734,
  "lat3": 41.03876495361328,
  "lat4": 41.09980010986328,
  "lon3": 29.035860061645508,
  "lon4": 29.070392608642578
}