{
  "lat1": 41.003173828125,
  "wish": "SURIYELER GITSIN",
  "lon1": 29.015636444091797
}