{
  "lat1": 40.959373474121094,
  "lat2": 40.964805603027344,
  "lon1": 29.08220672607422,
  "lon2": 29.078147888183594,
  "lat3": 40.988426208496094,
  "lat4": 40.984535217285156,
  "lon3": 29.02872657775879,
  "lon4": 29.02790069580078
}