{
  "lat1": 41.041194915771484,
  "lat2": 41.02812957763672,
  "lon1": 28.982820510864258,
  "lon2": 28.984846115112305,
  "lat3": 41.09391403198242,
  "lat4": 41.09743118286133,
  "lon3": 28.993610382080078,
  "lon4": 28.995006561279297
}