{
  "lat1": 41.00669860839844,
  "lat2": 41.01409912109375,
  "lon1": 28.924800872802734,
  "lon2": 28.942699432373047,
  "lat3": 41.101898193359375,
  "lat4": 40.996299743652344,
  "lon3": 29.02549934387207,
  "id": 44,
  "lon4": 29.069900512695312
}