{
  "lat1": 41.0452995300293,
  "lat2": 41.005401611328125,
  "lon1": 29.016599655151367,
  "lon2": 28.97130012512207,
  "lat3": 41.0172004699707,
  "lat4": 41.03519821166992,
  "lon3": 29.055700302124023,
  "id": 48,
  "lon4": 28.981599807739258
}