{
  "lat1": 41.072017669677734,
  "lat2": 41.071998596191406,
  "lon1": 28.920108795166016,
  "lon2": 28.92145538330078,
  "lat3": 41.03821563720703,
  "lat4": 41.03368377685547,
  "lon3": 28.987831115722656,
  "lon4": 28.979312896728516
}