{
  "lat1": 41.05152130126953,
  "lat2": 41.00678634643555,
  "lon1": 28.87790298461914,
  "lon2": 28.89595603942871,
  "lat3": 41.030391693115234,
  "lat4": 41.00666427612305,
  "lon3": 28.916128158569336,
  "lon4": 28.963520050048828
}