{
  "lat1": 40.97370910644531,
  "lat2": 41.05167007446289,
  "lon1": 29.07469940185547,
  "lon2": 29.01796531677246,
  "lat3": 40.783023834228516,
  "lat4": 41.07843780517578,
  "lon3": 29.568904876708984,
  "lon4": 29.012765884399414
}