{
  "lat1": 40.989112854003906,
  "lat2": 41.00458908081055,
  "lon1": 29.027999877929688,
  "lon2": 29.026052474975586,
  "lat3": 41.076507568359375,
  "lat4": 40.98827362060547,
  "lon3": 29.022703170776367,
  "lon4": 29.03435516357422
}