{
  "lat1": 41.02031326293945,
  "lat2": 41.00734329223633,
  "lon1": 28.946884155273438,
  "lon2": 28.986209869384766,
  "lat3": 41.01483154296875,
  "lat4": 40.996150970458984,
  "lon3": 29.040748596191406,
  "lon4": 29.043968200683594
}