{
  "lat1": 41.03074264526367,
  "wish": "TRAFIK AZALSIN",
  "lon1": 28.957660675048828
}