{
  "lat1": 41.001953125,
  "lat2": 41.0457878112793,
  "lon1": 29.038606643676758,
  "lon2": 29.018136978149414,
  "lat3": 40.98740005493164,
  "lat4": 40.989532470703125,
  "lon3": 29.03703498840332,
  "lon4": 29.02249526977539
}