{
  "lat1": 41.11027526855469,
  "lat2": 41.08015441894531,
  "lon1": 29.018367767333984,
  "lon2": 29.01714515686035,
  "lat3": 41.03055191040039,
  "lat4": 41.029075622558594,
  "lon3": 28.9722957611084,
  "lon4": 28.974843978881836
}