{
  "lat1": 41.034664154052734,
  "lat2": 40.8870735168457,
  "lon1": 28.987459182739258,
  "lon2": 29.390750885009766,
  "lat3": 40.890045166015625,
  "lat4": 40.89131164550781,
  "lon3": 29.426387786865234,
  "lon4": 29.415048599243164
}