{
  "lat1": 40.97019958496094,
  "lat2": 41.011199951171875,
  "lon1": 29.09760093688965,
  "lon2": 28.95210075378418,
  "lat3": 41.014801025390625,
  "lat4": 41.0359992980957,
  "lon3": 29.040700912475586,
  "id": 30,
  "lon4": 28.98310089111328
}