{
  "lat1": 40.98052978515625,
  "lat2": 40.9797477722168,
  "lon1": 28.862594604492188,
  "lon2": 28.860607147216797,
  "lat3": 41.0283088684082,
  "lat4": 41.02908706665039,
  "lon3": 28.974260330200195,
  "lon4": 28.977996826171875
}