{
  "lat1": 41.02773666381836,
  "wish": "eski yapilarin yikilmamasi",
  "lon1": 28.97402572631836
}