{
  "lat1": 40.98896789550781,
  "lat2": 40.987789154052734,
  "lon1": 29.023962020874023,
  "lon2": 29.020673751831055,
  "lat3": 41.02581024169922,
  "lat4": 41.03118896484375,
  "lon3": 28.97673225402832,
  "lon4": 28.98487091064453
}