{
  "lat1": 41.06057357788086,
  "lat2": 41.049766540527344,
  "lon1": 28.960464477539062,
  "lon2": 29.05200958251953,
  "lat3": 40.901390075683594,
  "lat4": 40.90152359008789,
  "lon3": 29.81891441345215,
  "lon4": 29.81415557861328
}