{
  "lat1": 41.011985778808594,
  "wish": "DSHA AZ KALABALIK VE DAHA KIBAR INSANLAR",
  "lon1": 28.933971405029297
}