{
  "lat1": 40.992496490478516,
  "lat2": 40.99716567993164,
  "lon1": 28.70098114013672,
  "lon2": 28.69891929626465,
  "lat3": 41.12929916381836,
  "lat4": 41.13162612915039,
  "lon3": 29.85143280029297,
  "lon4": 29.846277236938477
}