{
  "lat1": 41.00619888305664,
  "lat2": 41.045799255371094,
  "lon1": 28.97330093383789,
  "lon2": 29.01810073852539,
  "lat3": 41.01129913330078,
  "lat4": 41.03519821166992,
  "lon3": 28.947599411010742,
  "lon4": 28.981599807739258
}