{
  "lat1": 41.086822509765625,
  "lat2": 41.08635711669922,
  "lon1": 29.00730323791504,
  "lon2": 29.00749397277832,
  "lat3": 41.0262565612793,
  "lat4": 41.02846908569336,
  "lon3": 28.97369956970215,
  "lon4": 28.97286033630371
}