{
  "lat1": 40.940425872802734,
  "lat2": 41.00764846801758,
  "lon1": 29.14974594116211,
  "lon2": 29.053918838500977,
  "lat3": 41.02919387817383,
  "lat4": 41.02648162841797,
  "lon3": 29.029266357421875,
  "lon4": 28.976581573486328
}