{
  "lat1": 41.005287170410156,
  "lat2": 41.028621673583984,
  "lon1": 29.056884765625,
  "lon2": 28.977251052856445,
  "lat3": 41.03557205200195,
  "lat4": 41.036319732666016,
  "lon3": 28.983402252197266,
  "lon4": 28.977611541748047
}