{
  "lat1": 41.07414245605469,
  "lat2": 41.03798294067383,
  "lon1": 28.991594314575195,
  "lon2": 28.98668098449707,
  "lat3": 41.070838928222656,
  "lat4": 41.07006072998047,
  "lon3": 28.993234634399414,
  "lon4": 28.989749908447266
}