{
  "lat1": 40.9973258972168,
  "lat2": 41.05274963378906,
  "lon1": 29.073091506958008,
  "lon2": 29.010915756225586,
  "lat3": 40.99699020385742,
  "lat4": 40.99711990356445,
  "lon3": 29.073055267333984,
  "lon4": 29.073169708251953
}