{
  "lat1": 41.047706604003906,
  "lat2": 41.053157806396484,
  "lon1": 29.004480361938477,
  "lon2": 29.00937271118164,
  "lat3": 41.045475006103516,
  "lat4": 41.043800354003906,
  "lon3": 29.009973526000977,
  "lon4": 29.00250244140625
}