{
  "lat1": 41.055702209472656,
  "wish": "daha hizli bir ulasim",
  "lon1": 28.973602294921875
}