{
  "lat1": 41.033931732177734,
  "wish": "BOGAZ VE ESINTISI HEP OLSUN",
  "lon1": 29.03616714477539
}