{
  "lat1": 40.983158111572266,
  "lat2": 40.98112106323242,
  "lon1": 29.029382705688477,
  "lon2": 29.12131690979004,
  "lat3": 41.03045654296875,
  "lat4": 41.041419982910156,
  "lon3": 28.975799560546875,
  "lon4": 29.00421714782715
}