{
  "lat1": 41.004024505615234,
  "lat2": 40.98942565917969,
  "lon1": 29.10321807861328,
  "lon2": 29.092687606811523,
  "lat3": 41.02729034423828,
  "lat4": 40.92325210571289,
  "lon3": 28.975982666015625,
  "lon4": 28.985734939575195
}