{
  "lat1": 41.053611755371094,
  "lat2": 41.044979095458984,
  "lon1": 29.24370765686035,
  "lon2": 29.270750045776367,
  "lat3": 41.08123779296875,
  "lat4": 41.079315185546875,
  "lon3": 29.086416244506836,
  "lon4": 29.08664894104004
}