{
  "lat1": 41.08885955810547,
  "wish": "AZ",
  "lon1": 29.015254974365234
}