{
  "lat1": 41.03626251220703,
  "lat2": 41.026390075683594,
  "lon1": 28.966459274291992,
  "lon2": 28.890655517578125,
  "lat3": 41.02632141113281,
  "lat4": 41.026920318603516,
  "lon3": 28.89069175720215,
  "lon4": 28.891193389892578
}