{
  "lat1": 41.03083419799805,
  "lat2": 41.04062271118164,
  "lon1": 28.975162506103516,
  "lon2": 28.998577117919922,
  "lat3": 41.028526306152344,
  "lat4": 41.030426025390625,
  "lon3": 28.97989845275879,
  "lon4": 28.98301887512207
}