{
  "lat1": 41.05727005004883,
  "lat2": 41.022884368896484,
  "lon1": 28.98394203186035,
  "lon2": 29.113441467285156,
  "lat3": 41.03154754638672,
  "lat4": 40.9867057800293,
  "lon3": 28.98660659790039,
  "lon4": 29.086339950561523
}