{
  "lat1": 41.02724075317383,
  "wish": "daha seri calisabilir",
  "lon1": 28.975378036499023
}