{
  "lat1": 41.008399963378906,
  "lat2": 41.007301330566406,
  "lon1": 28.968900680541992,
  "lon2": 28.9862003326416,
  "lat3": 40.947898864746094,
  "lat4": 40.95989990234375,
  "lon3": 29.113800048828125,
  "lon4": 29.08180046081543
}