{
  "lat1": 41.01334762573242,
  "wish": "gggg",
  "lon1": 28.965633392333984
}