{
  "lat1": 40.96236038208008,
  "lat2": 40.97736358642578,
  "lon1": 29.09840965270996,
  "lon2": 29.083654403686523,
  "lat3": 41.026981353759766,
  "lat4": 41.02617645263672,
  "lon3": 28.97434425354004,
  "lon4": 28.973649978637695
}