{
  "lat1": 41.086936950683594,
  "wish": "adalet",
  "lon1": 29.084505081176758
}