{
  "lat1": 41.00699996948242,
  "lat2": 41.005401611328125,
  "lon1": 28.9606990814209,
  "lon2": 28.975299835205078,
  "lat3": 41.03049850463867,
  "lat4": 41.02989959716797,
  "lon3": 28.982500076293945,
  "lon4": 28.975400924682617
}