{
  "lat1": 41.05244064331055,
  "wish": "ESKI HALINE DONMESI",
  "lon1": 29.021379470825195
}