{
  "lat1": 40.995330810546875,
  "lat2": 40.96725845336914,
  "lon1": 29.040395736694336,
  "lon2": 29.058656692504883,
  "lat3": 41.0329475402832,
  "lat4": 41.03596878051758,
  "lon3": 28.976276397705078,
  "lon4": 28.983123779296875
}