{
  "lat1": 41.01877212524414,
  "lat2": 41.05415344238281,
  "lon1": 28.953298568725586,
  "lon2": 29.021076202392578,
  "lat3": 41.054832458496094,
  "lat4": 41.06855010986328,
  "lon3": 28.977006912231445,
  "lon4": 29.018779754638672
}