{
  "lat1": 40.980369567871094,
  "lat2": 41.01230239868164,
  "lon1": 28.861825942993164,
  "lon2": 28.966022491455078,
  "lat3": 41.035396575927734,
  "lat4": 41.03517150878906,
  "lon3": 28.979591369628906,
  "lon4": 28.981616973876953
}