{
  "lat1": 40.92596435546875,
  "lat2": 40.93531036376953,
  "lon1": 29.17076301574707,
  "lon2": 29.16251564025879,
  "lat3": 40.92518615722656,
  "lat4": 40.901580810546875,
  "lon3": 29.136743545532227,
  "lon4": 29.810897827148438
}