{
  "lat1": 41.05233383178711,
  "lat2": 41.10982131958008,
  "lon1": 29.026687622070312,
  "lon2": 29.012163162231445,
  "lat3": 41.138423919677734,
  "lat4": 41.16474151611328,
  "lon3": 29.053083419799805,
  "lon4": 29.018444061279297
}