{
  "lat1": 40.97019958496094,
  "lat2": 40.99089813232422,
  "lon1": 29.09760093688965,
  "lon2": 29.063199996948242,
  "lat3": 40.947898864746094,
  "lat4": 40.97060012817383,
  "lon3": 29.113800048828125,
  "id": 32,
  "lon4": 29.09320068359375
}