{
  "lat1": 41.09706497192383,
  "lat2": 41.05585861206055,
  "lon1": 28.95786476135254,
  "lon2": 28.978059768676758,
  "lat3": 41.05196762084961,
  "lat4": 41.05245590209961,
  "lon3": 28.972946166992188,
  "lon4": 28.959802627563477
}