{
  "lat1": 40.95199966430664,
  "lat2": 41.03229904174805,
  "lon1": 28.865800857543945,
  "lon2": 28.986299514770508,
  "lat3": 41.035400390625,
  "lat4": 41.008201599121094,
  "lon3": 28.97960090637207,
  "lon4": 28.96380043029785
}