{
  "lat1": 41.01409912109375,
  "lat2": 41.029701232910156,
  "lon1": 28.942699432373047,
  "lon2": 28.973499298095703,
  "lat3": 41.101898193359375,
  "lat4": 41.05350112915039,
  "lon3": 29.02549934387207,
  "id": 51,
  "lon4": 28.978099822998047
}