{
  "lat1": 41.052677154541016,
  "lat2": 40.958152770996094,
  "lon1": 28.970718383789062,
  "lon2": 29.148380279541016,
  "lat3": 41.06419372558594,
  "lat4": 40.97377395629883,
  "lon3": 29.01345443725586,
  "lon4": 29.385128021240234
}