{
  "lat1": 41.03204345703125,
  "lat2": 41.103271484375,
  "lon1": 28.913999557495117,
  "lon2": 29.024559020996094,
  "lat3": 41.00767135620117,
  "lat4": 41.05168533325195,
  "lon3": 29.01292610168457,
  "lon4": 28.984935760498047
}