{
  "lat1": 41.012298583984375,
  "lat2": 41.11830139160156,
  "lon1": 28.966699600219727,
  "lon2": 29.003000259399414,
  "lat3": 41.01129913330078,
  "lat4": 40.996299743652344,
  "lon3": 28.947599411010742,
  "lon4": 29.069900512695312
}