{
  "lat1": 41.169342041015625,
  "lat2": 41.056724548339844,
  "lon1": 29.036190032958984,
  "lon2": 28.816484451293945,
  "lat3": 41.02982711791992,
  "lat4": 41.03026580810547,
  "lon3": 29.03254508972168,
  "lon4": 29.033475875854492
}