{
  "lat1": 40.874534606933594,
  "wish": ">:):D:8:V;P:*:?:]:#",
  "lon1": 29.094852447509766
}