{
  "lat1": 40.95957565307617,
  "lat2": 41.01811218261719,
  "lon1": 29.093746185302734,
  "lon2": 29.076580047607422,
  "lat3": 41.04277801513672,
  "lat4": 41.025978088378906,
  "lon3": 28.936525344848633,
  "lon4": 28.957714080810547
}