{
  "lat1": 41.001953125,
  "lat2": 41.0457878112793,
  "lon1": 29.038606643676758,
  "lon2": 29.018136978149414,
  "lat3": 40.989463806152344,
  "lat4": 41.00335693359375,
  "lon3": 29.022411346435547,
  "lon4": 29.040067672729492
}