{
  "lat1": 41.221649169921875,
  "lat2": 41.223636627197266,
  "lon1": 28.69963836669922,
  "lon2": 28.697141647338867,
  "lat3": 41.224510192871094,
  "lat4": 41.226253509521484,
  "lon3": 28.695594787597656,
  "lon4": 28.73992156982422
}