{
  "lat1": 41.18606948852539,
  "wish": "daha az insan",
  "lon1": 28.765615463256836
}