{
  "lat1": 41.03361511230469,
  "wish": "az insaat",
  "lon1": 28.973539352416992
}