{
  "lat1": 41.00619888305664,
  "lat2": 40.96480178833008,
  "lon1": 28.97330093383789,
  "lon2": 29.078100204467773,
  "lat3": 40.974300384521484,
  "lat4": 41.00339889526367,
  "lon3": 29.095300674438477,
  "id": 28,
  "lon4": 29.04010009765625
}