{
  "lat1": 41.028602600097656,
  "lat2": 41.12405014038086,
  "lon1": 28.957500457763672,
  "lon2": 29.040834426879883,
  "lat3": 41.0510139465332,
  "lat4": 40.863101959228516,
  "lon3": 28.989290237426758,
  "lon4": 29.344425201416016
}