{
  "lat1": 40.980369567871094,
  "lat2": 41.01230239868164,
  "lon1": 28.861825942993164,
  "lon2": 28.966022491455078,
  "lat3": 41.03485870361328,
  "lat4": 41.036006927490234,
  "lon3": 28.977872848510742,
  "lon4": 28.983091354370117
}