{
  "lat1": 41.062625885009766,
  "wish": "guzel bir yer olsun.",
  "lon1": 29.019187927246094
}