{
  "lat1": 41.05229949951172,
  "lat2": 41.11830139160156,
  "lon1": 29.02669906616211,
  "lon2": 29.003000259399414,
  "lat3": 40.997501373291016,
  "lat4": 40.996299743652344,
  "lon3": 29.05929946899414,
  "lon4": 29.069900512695312
}