{
  "lat1": 41.001953125,
  "wish": "Daha az trafik",
  "lon1": 29.038606643676758
}