{
  "lat1": 41.019493103027344,
  "lat2": 41.0546760559082,
  "lon1": 28.948444366455078,
  "lon2": 29.028257369995117,
  "lat3": 41.054290771484375,
  "lat4": 41.02980041503906,
  "lon3": 29.018085479736328,
  "lon4": 28.976463317871094
}