{
  "lat1": 41.00665283203125,
  "lat2": 40.990882873535156,
  "lon1": 28.924835205078125,
  "lon2": 29.06317901611328,
  "lat3": 40.982322692871094,
  "lat4": 41.01237487792969,
  "lon3": 29.03946876525879,
  "lon4": 29.020540237426758
}