{
  "lat1": 40.97681427001953,
  "lat2": 41.02207946777344,
  "lon1": 29.05792236328125,
  "lon2": 29.073183059692383,
  "lat3": 41.031883239746094,
  "lat4": 41.02914047241211,
  "lon3": 28.97539710998535,
  "lon4": 28.973108291625977
}