{
  "lat1": 41.04560852050781,
  "lat2": 41.11402893066406,
  "lon1": 28.795978546142578,
  "lon2": 28.97614860534668,
  "lat3": 40.9737548828125,
  "lat4": 41.02649688720703,
  "lon3": 28.97447395324707,
  "lon4": 28.97292709350586
}