{
  "lat1": 41.084346771240234,
  "wish": "no more construction",
  "lon1": 29.054046630859375
}