{
  "lat1": 40.959373474121094,
  "lat2": 40.964805603027344,
  "lon1": 29.08220672607422,
  "lon2": 29.078147888183594,
  "lat3": 40.94790267944336,
  "lat4": 40.959903717041016,
  "lon3": 29.11380958557129,
  "lon4": 29.081754684448242
}