{
  "lat1": 41.030189514160156,
  "lat2": 40.48419952392578,
  "lon1": 28.518705368041992,
  "lon2": 29.581010818481445,
  "lat3": 41.09064865112305,
  "lat4": 41.05256652832031,
  "lon3": 28.99032211303711,
  "lon4": 28.963518142700195
}