{
  "lat1": 41.01810073852539,
  "lat2": 41.04045867919922,
  "lon1": 28.968425750732422,
  "lon2": 29.002960205078125,
  "lat3": 41.04958724975586,
  "lat4": 41.02386474609375,
  "lon3": 28.991188049316406,
  "lon4": 28.973466873168945
}