{
  "lat1": 41.02953338623047,
  "lat2": 41.004024505615234,
  "lon1": 29.037517547607422,
  "lon2": 28.999813079833984,
  "lat3": 41.027259826660156,
  "lat4": 41.03727340698242,
  "lon3": 29.033315658569336,
  "lon4": 28.97803497314453
}