{
  "lat1": 41.03852081298828,
  "wish": "OZGUR KAMUSAL ALAN",
  "lon1": 29.001075744628906
}