{
  "lat1": 40.95884704589844,
  "lat2": 41.04423141479492,
  "lon1": 29.18581199645996,
  "lon2": 29.113521575927734,
  "lat3": 40.9931526184082,
  "lat4": 40.98777770996094,
  "lon3": 29.070528030395508,
  "lon4": 29.076749801635742
}