{
  "lat1": 40.94842529296875,
  "lat2": 40.97441482543945,
  "lon1": 29.08131980895996,
  "lon2": 29.073711395263672,
  "lat3": 41.03597640991211,
  "lat4": 41.05832290649414,
  "lon3": 28.983097076416016,
  "lon4": 28.98087501525879
}