{
  "lat1": 41.07893371582031,
  "lat2": 41.041587829589844,
  "lon1": 29.044448852539062,
  "lon2": 28.991323471069336,
  "lat3": 41.05926513671875,
  "lat4": 41.03778076171875,
  "lon3": 29.03566551208496,
  "lon4": 28.98451042175293
}