{
  "lat1": 40.959373474121094,
  "lat2": 40.964805603027344,
  "lon1": 29.08220672607422,
  "lon2": 29.078147888183594,
  "lat3": 40.981178283691406,
  "lat4": 40.98440170288086,
  "lon3": 29.024105072021484,
  "lon4": 29.0346622467041
}