{
  "lat1": 41.0536003112793,
  "lat2": 41.004703521728516,
  "lon1": 29.021589279174805,
  "lon2": 29.001359939575195,
  "lat3": 41.05060958862305,
  "lat4": 41.05311584472656,
  "lon3": 28.9979190826416,
  "lon4": 29.017465591430664
}