{
  "lat1": 40.952579498291016,
  "lat2": 40.970428466796875,
  "lon1": 29.206274032592773,
  "lon2": 29.09798812866211,
  "lat3": 40.88255310058594,
  "lat4": 40.9775276184082,
  "lon3": 29.247074127197266,
  "lon4": 29.07493782043457
}