{
  "lat1": 41.0112419128418,
  "wish": "YESILLIK, DAHA AZ INSAN",
  "lon1": 29.0410213470459
}