{
  "lat1": 41.0911750793457,
  "lat2": 41.07969665527344,
  "lon1": 28.985595703125,
  "lon2": 28.961639404296875,
  "lat3": 41.216529846191406,
  "lat4": 41.2150764465332,
  "lon3": 29.057111740112305,
  "lon4": 29.056596755981445
}