{
  "lat1": 40.97370910644531,
  "lat2": 41.05167007446289,
  "lon1": 29.07469940185547,
  "lon2": 29.01796531677246,
  "lat3": 41.026771545410156,
  "lat4": 41.04937744140625,
  "lon3": 28.976421356201172,
  "lon4": 29.023283004760742
}