{
  "lat1": 40.43959045410156,
  "wish": "suriyeliler gitsin aq",
  "lon1": 29.52777671813965
}