{
  "lat1": 40.95396041870117,
  "lat2": 40.955421447753906,
  "lon1": 29.1055908203125,
  "lon2": 29.10455894470215,
  "lat3": 40.95357131958008,
  "lat4": 40.96045684814453,
  "lon3": 29.095672607421875,
  "lon4": 29.07999610900879
}