{
  "lat1": 41.098663330078125,
  "lat2": 41.024139404296875,
  "lon1": 29.04900550842285,
  "lon2": 29.012409210205078,
  "lat3": 41.005924224853516,
  "lat4": 41.001319885253906,
  "lon3": 29.0178165435791,
  "lon4": 28.932344436645508
}