{
  "lat1": 41.00669860839844,
  "lat2": 41.01490020751953,
  "lon1": 28.924800872802734,
  "lon2": 29.04669952392578,
  "lat3": 40.997501373291016,
  "lat4": 40.996299743652344,
  "lon3": 29.05929946899414,
  "id": 39,
  "lon4": 29.069900512695312
}