{
  "lat1": 40.972877502441406,
  "lat2": 41.00531768798828,
  "lon1": 29.073205947875977,
  "lon2": 28.97446632385254,
  "lat3": 41.029659271240234,
  "lat4": 41.1082763671875,
  "lon3": 28.971309661865234,
  "lon4": 29.0451602935791
}