{
  "lat1": 41.140228271484375,
  "lat2": 41.04801940917969,
  "lon1": 28.96232032775879,
  "lon2": 28.943105697631836,
  "lat3": 40.9431266784668,
  "lat4": 41.054386138916016,
  "lon3": 28.717905044555664,
  "lon4": 28.982580184936523
}