{
  "lat1": 41.023162841796875,
  "lat2": 41.050533294677734,
  "lon1": 28.76421546936035,
  "lon2": 28.880653381347656,
  "lat3": 41.076446533203125,
  "lat4": 41.011680603027344,
  "lon3": 28.46276092529297,
  "lon4": 28.794397354125977
}