{
  "lat1": 41.013179779052734,
  "lat2": 40.959251403808594,
  "lon1": 29.013179779052734,
  "lon2": 29.08504867553711,
  "lat3": 40.976287841796875,
  "lat4": 40.981021881103516,
  "lon3": 29.07341766357422,
  "lon4": 29.0269718170166
}