{
  "lat1": 41.008235931396484,
  "lat2": 41.052528381347656,
  "lon1": 28.93983268737793,
  "lon2": 29.01089859008789,
  "lat3": 41.035972595214844,
  "lat4": 41.037208557128906,
  "lon3": 28.983116149902344,
  "lon4": 28.985626220703125
}