{
  "lat1": 41.076171875,
  "wish": "BOZULMASI  ",
  "lon1": 29.0157527923584
}