{
  "lat1": 41.00199890136719,
  "lat2": 41.11830139160156,
  "lon1": 29.03860092163086,
  "lon2": 29.003000259399414,
  "lat3": 40.947898864746094,
  "lat4": 41.02989959716797,
  "lon3": 29.113800048828125,
  "lon4": 28.975400924682617
}