{
  "lat1": 41.07501220703125,
  "wish": "HEBELE HUBELE",
  "lon1": 28.80996322631836
}