{
  "lat1": 40.958370208740234,
  "lat2": 41.01719284057617,
  "lon1": 29.095041275024414,
  "lon2": 29.18374252319336,
  "lat3": 40.970436096191406,
  "lat4": 40.95255661010742,
  "lon3": 29.053442001342773,
  "lon4": 29.121740341186523
}