{
  "lat1": 40.977603912353516,
  "wish": "nufus azalmali",
  "lon1": 28.65692901611328
}