{
  "lat1": 41.00740051269531,
  "lat2": 41.03300094604492,
  "lon1": 28.965200424194336,
  "lon2": 28.99020004272461,
  "lat3": 40.99319839477539,
  "lat4": 40.99620056152344,
  "lon3": 29.070499420166016,
  "lon4": 29.04400062561035
}