{
  "lat1": 40.99089813232422,
  "lat2": 40.954898834228516,
  "lon1": 29.063199996948242,
  "lon2": 28.821399688720703,
  "lat3": 40.811100006103516,
  "lat4": 40.99620056152344,
  "lon3": 29.17259979248047,
  "lon4": 29.04400062561035
}