{
  "lat1": 41.025299072265625,
  "lat2": 41.010799407958984,
  "lon1": 28.974700927734375,
  "lon2": 28.974300384521484,
  "lat3": 41.0349006652832,
  "lat4": 40.98720169067383,
  "lon3": 28.9778995513916,
  "id": 55,
  "lon4": 29.07550048828125
}