{
  "lat1": 41.02360153198242,
  "lat2": 41.025299072265625,
  "lon1": 28.947500228881836,
  "lon2": 28.974700927734375,
  "lat3": 40.98740005493164,
  "lat4": 41.00360107421875,
  "lon3": 29.03700065612793,
  "id": 38,
  "lon4": 28.923599243164062
}