{
  "lat1": 41.05441665649414,
  "wish": "SEHRE SAYGI DUYULMASI",
  "lon1": 29.02179527282715
}