{
  "lat1": 41.02031326293945,
  "lat2": 41.00734329223633,
  "lon1": 28.946884155273438,
  "lon2": 28.986209869384766,
  "lat3": 41.018856048583984,
  "lat4": 41.01717758178711,
  "lon3": 28.948623657226562,
  "lon4": 29.016130447387695
}