{
  "lat1": 41.12263870239258,
  "wish": "YOK",
  "lon1": 29.11014175415039
}