{
  "lat1": 40.99571228027344,
  "lat2": 41.07933807373047,
  "lon1": 28.8947811126709,
  "lon2": 29.042613983154297,
  "lat3": 41.01443862915039,
  "lat4": 41.010684967041016,
  "lon3": 28.977981567382812,
  "lon4": 28.950420379638672
}