{
  "lat1": 40.970401763916016,
  "lat2": 41.08256530761719,
  "lon1": 29.10395622253418,
  "lon2": 29.019994735717773,
  "lat3": 40.99749755859375,
  "lat4": 40.99628829956055,
  "lon3": 29.059337615966797,
  "lon4": 29.06993293762207
}