{
  "lat1": 41.0308952331543,
  "lat2": 41.0240478515625,
  "lon1": 28.982376098632812,
  "lon2": 28.959228515625,
  "lat3": 41.049808502197266,
  "lat4": 41.02531051635742,
  "lon3": 28.98681640625,
  "lon4": 28.97636604309082
}