{
  "lat1": 41.005287170410156,
  "wish": "ghnnkk mhh",
  "lon1": 29.056884765625
}