{
  "lat1": 41.00749969482422,
  "lat2": 40.97090148925781,
  "lon1": 29.052400588989258,
  "lon2": 28.967899322509766,
  "lat3": 41.013999938964844,
  "lat4": 41.00979995727539,
  "lon3": 28.954099655151367,
  "id": 47,
  "lon4": 28.98069953918457
}