{
  "lat1": 41.00859832763672,
  "lat2": 41.008399963378906,
  "lon1": 28.9689998626709,
  "lon2": 28.980600357055664,
  "lat3": 40.9911003112793,
  "lat4": 41.0359992980957,
  "lon3": 29.024599075317383,
  "lon4": 28.98310089111328
}