{
  "lat1": 41.05140686035156,
  "lat2": 41.00261306762695,
  "lon1": 28.99040412902832,
  "lon2": 28.865005493164062,
  "lat3": 41.01528549194336,
  "lat4": 41.052249908447266,
  "lon3": 28.86232566833496,
  "lon4": 28.967504501342773
}