{
  "lat1": 40.978248596191406,
  "wish": "TARIH",
  "lon1": 28.861923217773438
}