{
  "lat1": 41.03522491455078,
  "wish": "BETONSUZ   OLSA",
  "lon1": 28.94234848022461
}