{
  "lat1": 41.021793365478516,
  "lat2": 40.96626281738281,
  "lon1": 28.971731185913086,
  "lon2": 29.09551239013672,
  "lat3": 40.98134231567383,
  "lat4": 40.960716247558594,
  "lon3": 29.028505325317383,
  "lon4": 29.013687133789062
}