{
  "lat1": 40.99565505981445,
  "lat2": 40.99263381958008,
  "lon1": 29.080425262451172,
  "lon2": 29.12592887878418,
  "lat3": 41.03228759765625,
  "lat4": 41.04289627075195,
  "lon3": 28.981822967529297,
  "lon4": 28.986488342285156
}