{
  "lat1": 41.02225875854492,
  "lat2": 41.00403594970703,
  "lon1": 28.96660614013672,
  "lon2": 28.977081298828125,
  "lat3": 41.00315856933594,
  "lat4": 40.97614669799805,
  "lon3": 29.035852432250977,
  "lon4": 29.07512855529785
}