{
  "lat1": 40.99925994873047,
  "lat2": 41.0149040222168,
  "lon1": 29.02913475036621,
  "lon2": 29.04668426513672,
  "lat3": 41.00827407836914,
  "lat4": 40.9914665222168,
  "lon3": 28.979494094848633,
  "lon4": 28.91357421875
}