{
  "lat1": 40.9702262878418,
  "lat2": 41.02534484863281,
  "lon1": 29.097627639770508,
  "lon2": 28.97471809387207,
  "lat3": 41.0300407409668,
  "lat4": 40.986061096191406,
  "lon3": 28.973169326782227,
  "lon4": 29.049997329711914
}