{
  "lat1": 40.96992492675781,
  "lat2": 41.118282318115234,
  "lon1": 29.09098243713379,
  "lon2": 29.003034591674805,
  "lat3": 41.0300407409668,
  "lat4": 41.01372146606445,
  "lon3": 28.973169326782227,
  "lon4": 29.01087760925293
}