{
  "lat1": 40.9715461730957,
  "lat2": 40.921871185302734,
  "lon1": 29.104108810424805,
  "lon2": 29.152982711791992,
  "lat3": 41.05121994018555,
  "lat4": 40.99089050292969,
  "lon3": 29.048250198364258,
  "lon4": 29.022321701049805
}