{
  "lat1": 41.01387405395508,
  "lat2": 41.03303527832031,
  "lon1": 28.968416213989258,
  "lon2": 28.990219116210938,
  "lat3": 41.02516174316406,
  "lat4": 41.036380767822266,
  "lon3": 29.002395629882812,
  "lon4": 28.988210678100586
}