{
  "lat1": 40.95884704589844,
  "lat2": 41.04423141479492,
  "lon1": 29.18581199645996,
  "lon2": 29.113521575927734,
  "lat3": 41.015750885009766,
  "lat4": 40.99201965332031,
  "lon3": 28.981184005737305,
  "lon4": 29.024351119995117
}