{
  "lat1": 41.05233383178711,
  "lat2": 41.10982131958008,
  "lon1": 29.026687622070312,
  "lon2": 29.012163162231445,
  "lat3": 41.079933166503906,
  "lat4": 41.17509841918945,
  "lon3": 29.042020797729492,
  "lon4": 29.066566467285156
}