{
  "lat1": 41.001953125,
  "lat2": 41.0457878112793,
  "lon1": 29.038606643676758,
  "lon2": 29.018136978149414,
  "lat3": 41.010650634765625,
  "lat4": 41.064849853515625,
  "lon3": 28.976375579833984,
  "lon4": 29.029733657836914
}