{
  "lat1": 41.01548767089844,
  "lat2": 41.05971145629883,
  "lon1": 28.965503692626953,
  "lon2": 28.861127853393555,
  "lat3": 41.01150894165039,
  "lat4": 41.00099563598633,
  "lon3": 28.979158401489258,
  "lon4": 28.951583862304688
}