{
  "lat1": 41.01548767089844,
  "lat2": 41.01414489746094,
  "lon1": 28.965503692626953,
  "lon2": 28.942684173583984,
  "lat3": 41.01150894165039,
  "lat4": 41.00535202026367,
  "lon3": 28.979158401489258,
  "lon4": 28.971261978149414
}