{
  "lat1": 41.008426666259766,
  "lat2": 41.00754928588867,
  "lon1": 28.968935012817383,
  "lon2": 29.05243682861328,
  "lat3": 41.02928161621094,
  "lat4": 41.00403594970703,
  "lon3": 28.958459854125977,
  "lon4": 28.97824478149414
}